MVNO,MVNAME,MVPARTY,MVCITY,MV_ILK_KANUN,MV_KANUN,MV_ILK_MAO,MV_MAO,MV_ILK_GGO,MV_GGO,MV_ILK_GO,MV_GO,MV_SSO,MV_YSO
6957,Murat BOZLAK,BDP,ADANA,0,0,1,140,0,0,0,0,0,4
6026,Ömer ÇELİK,AK Parti,ADANA,0,1,0,0,0,0,0,0,0,0
5540,Mehmet Necati ÇETİNKAYA,AK Parti,ADANA,0,1,0,0,0,0,0,0,0,0
6758,Ali DEMİRÇALI,CHP,ADANA,3,12,0,130,0,0,0,3,2,25
6859,Turgay DEVELİ,CHP,ADANA,1,6,1,45,0,0,0,1,0,3
6852,Mehmet Şükrü ERDİNÇ,AK Parti,ADANA,1,6,0,2,0,0,0,0,0,0
6585,Fatoş GÜRKAN,AK Parti,ADANA,1,3,1,5,0,0,0,0,0,0
5857,Ali HALAMAN,MHP,ADANA,6,12,18,134,0,0,0,0,193,306
6349,Ali KÜÇÜKAYDIN,AK Parti,ADANA,0,1,0,3,0,0,0,0,0,0
6782,Osman Faruk LOĞOĞLU,CHP,ADANA,0,10,2,11,1,1,0,1,0,13
6931,Ümit ÖZGÜMÜŞ,CHP,ADANA,1,7,3,47,0,0,0,3,0,14
6508,Necdet ÜNÜVAR,AK Parti,ADANA,0,1,1,2,0,0,0,0,0,0
6439,Muharrem VARLI,MHP,ADANA,2,7,6,129,0,0,0,0,4,32
6905,Seyfettin YILMAZ,MHP,ADANA,4,10,3,199,0,0,0,0,0,46
6608,Ahmet AYDIN,AK Parti,ADIYAMAN,4,5,0,1,0,1,0,0,0,0
6565,Mehmet ERDOĞAN,AK Parti,ADIYAMAN,0,1,0,1,0,0,0,0,0,0
6760,Salih FIRAT,CHP,ADIYAMAN,0,15,2,175,0,1,0,2,0,28
6660,Mehmet METİNER,AK Parti,ADIYAMAN,0,1,0,0,0,0,0,0,0,0
6793,Muhammed Murtaza YETİŞ,AK Parti,ADIYAMAN,0,2,0,5,0,0,0,0,0,0
5336,Sait AÇBA,AK Parti,AFYONKARAHİSAR,0,0,1,1,0,0,0,0,0,0
6545,Veysel EROĞLU,AK Parti,AFYONKARAHİSAR,0,1,0,0,0,0,0,0,0,0
6712,Ahmet TOPTAŞ,CHP,AFYONKARAHİSAR,12,23,0,50,0,0,0,2,0,28
6898,Halil ÜRÜN,AK Parti,AFYONKARAHİSAR,0,1,0,1,0,0,0,0,0,0
6828,Kemalettin YILMAZ,MHP,AFYONKARAHİSAR,1,4,4,179,0,0,0,0,0,31
6954,Halil AKSOY,BDP,AĞRI,6,6,7,141,0,0,0,0,4,44
6665,Ekrem ÇELEBİ,AK Parti,AĞRI,1,6,0,3,0,0,0,0,0,0
6575,Fatma SALMAN KOTAN,AK Parti,AĞRI,0,1,0,8,0,0,0,0,0,0
6090,Mehmet Kerim YILDIZ,AK Parti,AĞRI,0,1,0,2,0,0,0,0,0,0
5981,Ruhi AÇIKGÖZ,AK Parti,AKSARAY,0,1,0,1,0,0,0,0,0,0
5988,Ali Rıza ALABOYUN,AK Parti,AKSARAY,0,0,0,12,0,0,0,0,0,0
6566,İlknur İNCEÖZ,AK Parti,AKSARAY,0,2,0,3,0,0,0,0,0,0
6667,Mehmet Naci BOSTANCI,AK Parti,AMASYA,0,1,0,2,0,0,0,0,0,0
6386,Avni ERDEMİR,AK Parti,AMASYA,2,3,0,11,0,0,0,0,0,0
6880,Ramis TOPAL,CHP,AMASYA,0,11,0,50,0,1,0,2,0,18
6689,Yalçın AKDOĞAN,AK Parti,ANKARA,0,1,0,0,0,1,0,0,0,0
6814,Süleyman Sencer AYATA,CHP,ANKARA,0,1,0,3,0,0,0,2,0,0
6720,Sinan Aydın AYGÜN,CHP,ANKARA,8,13,1,67,0,0,0,1,0,40
6063,Ali BABACAN,AK Parti,ANKARA,0,0,0,0,0,0,0,0,0,0
5948,Ayşe Gülsün BİLGEHAN,CHP,ANKARA,0,16,0,17,0,0,0,1,0,19
6148,İzzet ÇETİN,CHP,ANKARA,5,14,3,42,0,0,0,2,0,50
4445,Cemil ÇİÇEK,AK Parti,ANKARA,1,1,0,0,0,0,0,0,0,0
6095,Reha DENEMEÇ,AK Parti,ANKARA,0,1,0,0,0,0,0,0,0,0
6702,Mustafa ERDEM,MHP,ANKARA,0,1,0,40,0,0,0,0,2,21
6302,Cevdet ERDÖL,AK Parti,ANKARA,4,6,2,2,0,0,0,0,0,0
6199,Bülent GEDİKLİ,AK Parti,ANKARA,0,1,0,0,0,0,0,0,0,0
6692,Levent GÖK,CHP,ANKARA,2,15,4,45,0,0,1,2,0,100
6721,Gökhan GÜNAYDIN,CHP,ANKARA,0,0,0,8,0,0,0,1,0,15
6703,Ülker GÜZEL,AK Parti,ANKARA,0,2,0,0,0,0,0,0,0,0
5644,Mehmet Emrehan HALICI,CHP,ANKARA,0,1,0,3,0,0,0,1,0,1
5930,Haluk İPEK,AK Parti,ANKARA,0,1,0,0,0,0,0,0,0,0
6704,Emrullah İŞLER,AK Parti,ANKARA,0,4,0,8,0,0,0,0,0,0
5347,Ahmet İYİMAYA,AK Parti,ANKARA,0,1,0,0,0,0,0,0,0,0
4634,Salih KAPUSUZ,AK Parti,ANKARA,3,4,0,1,0,0,0,0,0,0
6801,Zelkif KAZDAL,AK Parti,ANKARA,0,1,0,0,0,0,0,0,0,0
6717,Bülent KUŞOĞLU,CHP,ANKARA,1,7,0,31,0,1,0,3,0,24
6690,Aylin NAZLIAKA,CHP,ANKARA,11,30,10,166,0,0,0,1,9,115
6525,Nazmi Haluk ÖZDALGA,AK Parti,ANKARA,0,1,0,0,0,0,0,0,0,0
6701,Tülay SELAMOĞLU,AK Parti,ANKARA,0,2,1,16,0,0,0,0,0,0
6697,Seyit SERTÇELİK,AK Parti,ANKARA,0,1,0,1,0,0,0,0,0,0
6810,Fatih ŞAHİN,AK Parti,ANKARA,0,1,0,2,0,0,0,0,0,0
6696,Nurdan ŞANLI,AK Parti,ANKARA,0,2,0,2,0,1,0,0,5,0
6700,Emine Ülker TARHAN,CHP,ANKARA,14,15,1,9,0,3,1,3,0,11
6727,Zühal TOPCU,MHP,ANKARA,0,4,0,96,0,0,0,0,37,89
6375,Yıldırım Tuğrul TÜRKEŞ,MHP,ANKARA,0,1,0,28,0,0,0,0,0,0
6699,Özcan YENİÇERİ,MHP,ANKARA,14,16,6,134,0,0,0,0,3,146
6688,Gürkut ACAR,CHP,ANTALYA,10,29,6,225,0,1,0,3,23,172
6552,Sadık BADAK,AK Parti,ANTALYA,1,2,1,2,0,0,0,0,0,0
3377,Deniz BAYKAL,CHP,ANTALYA,0,0,0,0,0,0,0,1,0,0
6678,Arif BULUT,CHP,ANTALYA,1,11,1,82,0,0,0,3,7,17
6235,Mevlüt ÇAVUŞOĞLU,AK Parti,ANTALYA,0,1,0,0,0,0,0,0,0,0
5691,Mehmet Vecdi GÖNÜL,AK Parti,ANTALYA,0,1,0,0,0,0,0,0,0,0
6469,Mehmet GÜNAL,MHP,ANTALYA,0,19,2,132,0,0,0,0,0,20
6451,Yusuf Ziya İRBEÇ,BAĞIMSIZ,ANTALYA,2,2,0,1,0,0,0,0,0,0
6031,Osman KAPTAN,CHP,ANTALYA,2,17,2,54,0,0,0,3,0,6
6911,Gökcen ÖZDOĞAN ENÇ,AK Parti,ANTALYA,0,1,0,4,0,0,0,0,0,0
6893,Hüseyin SAMANİ,AK Parti,ANTALYA,0,1,0,1,0,0,0,0,0,0
6919,Yıldıray SAPAN,CHP,ANTALYA,1,9,4,30,0,1,0,0,0,23
4603,Tunca TOSKAY,MHP,ANTALYA,1,2,0,20,0,0,0,0,0,56
6949,Menderes M. Tevfik TÜREL,AK Parti,ANTALYA,0,3,1,2,0,0,0,0,0,0
6687,Orhan ATALAY,AK Parti,ARDAHAN,0,1,0,1,0,0,0,0,0,0
6353,Ensar ÖĞÜT,CHP,ARDAHAN,26,34,10,31,0,0,1,3,558,191
6909,Uğur BAYRAKTUTAN,CHP,ARTVİN,1,9,2,54,0,0,0,4,0,126
6847,İsrafil KIŞLA,AK Parti,ARTVİN,0,1,0,1,0,1,0,0,0,0
6723,Osman AYDIN,CHP,AYDIN,0,10,0,82,0,1,0,1,2,1
6839,Metin Lütfi BAYDAR,CHP,AYDIN,6,15,5,106,1,1,0,0,0,187
6603,Mehmet ERDEM,AK Parti,AYDIN,0,1,1,5,0,0,0,0,0,0
6892,Ali Gültekin KILINÇ,AK Parti,AYDIN,0,1,0,4,0,0,0,0,0,0
6164,Semiha ÖYÜŞ,AK Parti,AYDIN,0,0,1,2,0,0,0,0,0,0
6734,Bülent TEZCAN,CHP,AYDIN,6,23,15,261,0,2,0,2,2,26
5776,Ali UZUNIRMAK,MHP,AYDIN,9,14,0,151,0,0,0,0,0,11
6790,Ayşe Nedret AKOVA,CHP,BALIKESİR,4,44,3,183,0,1,0,2,3,66
6362,Ali AYDINLIOĞLU,AK Parti,BALIKESİR,0,0,0,2,0,0,0,0,0,0
6953,Tülay BABUŞCU,AK Parti,BALIKESİR,0,1,0,3,0,0,0,0,0,0
6446,Ahmet Duran BULUT,MHP,BALIKESİR,0,4,3,78,0,0,0,0,0,229
6827,Haluk Ahmet GÜMÜŞ,CHP,BALIKESİR,0,10,0,55,0,0,0,1,1,27
6762,Namık HAVUTÇA,CHP,BALIKESİR,8,30,13,237,0,0,0,4,11,56
4499,Mehmet Cemal ÖZTAYLAN,AK Parti,BALIKESİR,0,1,0,0,0,0,0,0,0,0
4255,Ahmet Edip UĞUR,AK Parti,BALIKESİR,0,1,0,1,0,0,0,0,0,0
6541,Yılmaz TUNÇ,AK Parti,BARTIN,2,4,0,1,0,1,0,0,5,0
6407,Muhammet Rıza YALÇINKAYA,CHP,BARTIN,15,20,12,45,0,1,0,3,0,30
6477,Ayla AKAT,BDP,BATMAN,1,1,5,140,0,0,0,0,0,35
6730,Ziver ÖZDEMİR,AK Parti,BATMAN,0,2,0,2,0,0,0,0,0,0
6398,Mehmet ŞİMŞEK,AK Parti,BATMAN,0,1,0,0,0,0,0,0,0,0
6489,Bengi YILDIZ,BDP,BATMAN,0,0,0,0,0,0,0,0,0,0
6874,Bünyamin ÖZBEK,AK Parti,BAYBURT,0,2,0,5,0,0,0,0,0,0
5959,Fahrettin POYRAZ,AK Parti,BİLECİK,1,1,0,2,0,0,0,0,0,0
4505,Bahattin ŞEKER,MHP,BİLECİK,1,4,2,55,0,0,0,0,0,21
6972,İdris BALUKEN,BDP,BİNGÖL,4,4,16,142,0,0,0,0,2,46
6724,Eşref TAŞ,AK Parti,BİNGÖL,0,2,0,1,0,0,0,0,0,0
6577,Cevdet YILMAZ,AK Parti,BİNGÖL,0,0,0,0,0,0,0,0,0,0
6757,Vedat DEMİRÖZ,AK Parti,BİTLİS,0,3,0,1,0,0,0,0,0,0
6266,Vahit KİLER,AK Parti,BİTLİS,0,0,2,2,0,0,0,0,0,0
6956,Hüsamettin ZENDERLİOĞLU,BDP,BİTLİS,0,0,5,140,0,0,0,0,0,39
6705,Ali ERCOŞKUN,AK Parti,BOLU,1,6,0,1,0,1,0,0,6,0
6751,Fehmi KÜPÇÜ,AK Parti,BOLU,1,7,0,2,0,0,0,0,0,0
6691,Tanju ÖZCAN,CHP,BOLU,11,21,12,57,0,1,0,1,0,85
6112,Bayram ÖZÇELİK,AK Parti,BURDUR,0,0,0,0,0,0,0,0,0,0
6035,Ramazan Kerim ÖZKAN,CHP,BURDUR,2,27,10,305,0,2,0,3,0,40
6676,Hasan Hami YILDIRIM,AK Parti,BURDUR,0,1,0,2,0,0,0,0,0,0
5551,Bülent ARINÇ,AK Parti,BURSA,0,1,0,0,0,0,0,0,0,0
6842,İsmail AYDIN,AK Parti,BURSA,0,2,0,3,0,0,0,0,0,0
6444,İsmet BÜYÜKATAMAN,MHP,BURSA,1,5,2,12,0,0,0,0,1,309
6619,Canan CANDEMİR ÇELİK,AK Parti,BURSA,0,1,0,8,0,0,0,0,0,0
6843,Hakan ÇAVUŞOĞLU,AK Parti,BURSA,0,2,0,1,0,0,0,0,0,0
6773,İlhan DEMİRÖZ,CHP,BURSA,1,32,6,182,0,1,0,5,0,26
6831,Kemal EKİNCİ,CHP,BURSA,1,11,0,28,0,1,0,2,0,6
6806,Aykan ERDEMİR,CHP,BURSA,1,11,2,51,0,0,0,1,0,24
6845,Tülin ERKAL KARA,AK Parti,BURSA,0,1,0,2,0,0,0,0,0,0
6820,Sena KALELİ,CHP,BURSA,10,26,3,97,0,0,0,4,1,63
6849,Önder MATLI,AK Parti,BURSA,0,1,0,2,0,0,0,0,0,0
6431,Necati ÖZENSOY,MHP,BURSA,1,7,3,152,0,0,0,0,0,12
6844,Mustafa ÖZTÜRK,AK Parti,BURSA,0,2,0,2,0,0,0,0,0,0
6840,İsmet SU,AK Parti,BURSA,0,1,0,3,0,0,0,0,0,0
6841,Hüseyin ŞAHİN,AK Parti,BURSA,4,9,0,5,0,0,0,0,4,0
6824,Mustafa Kemal ŞERBETÇİOĞLU,AK Parti,BURSA,0,2,0,3,0,0,0,0,0,0
4522,Turhan TAYAN,CHP,BURSA,3,13,1,22,0,1,0,3,0,31
6835,Bedrettin YILDIRIM,AK Parti,BURSA,0,1,1,2,0,0,0,0,0,0
6254,Mehmet DANİŞ,AK Parti,ÇANAKKALE,0,1,0,5,0,0,0,0,0,0
6902,İsmail KAŞDEMİR,AK Parti,ÇANAKKALE,0,3,0,2,0,0,0,0,0,0
6832,Ali SARIBAŞ,CHP,ÇANAKKALE,6,29,4,199,0,1,0,1,5,25
6753,Mustafa Serdar SOYDAN,CHP,ÇANAKKALE,1,25,4,184,0,1,0,2,2,16
6653,Hüseyin FİLİZ,AK Parti,ÇANKIRI,1,2,0,0,0,0,0,0,0,0
6654,İdris ŞAHİN,AK Parti,ÇANKIRI,0,4,0,2,0,0,0,0,0,0
6387,Cahit BAĞCI,AK Parti,ÇORUM,0,1,0,3,0,0,0,0,0,0
6803,Tufan KÖSE,CHP,ÇORUM,3,9,0,60,0,0,0,2,0,4
6708,Salim USLU,AK Parti,ÇORUM,1,2,0,2,0,0,0,0,0,0
6202,Murat YILDIRIM,AK Parti,ÇORUM,0,1,0,1,0,0,0,0,0,0
6426,Emin Haluk AYHAN,MHP,DENİZLİ,3,6,2,129,0,0,0,0,0,1
6923,İlhan CİHANER,CHP,DENİZLİ,1,8,0,11,0,1,0,2,0,8
6797,Nurcan DALBUDAK,AK Parti,DENİZLİ,0,0,0,3,0,0,0,0,0,0
3658,Adnan KESKİN,CHP,DENİZLİ,2,7,0,17,0,0,0,3,0,31
6795,Bilal UÇAR,AK Parti,DENİZLİ,0,1,0,4,0,0,0,0,0,0
6601,Mehmet YÜKSEL,AK Parti,DENİZLİ,0,1,0,5,0,0,0,0,0,0
6783,Nihat ZEYBEKCİ,AK Parti,DENİZLİ,0,1,0,4,0,0,0,0,0,0
6960,Nursel AYDOĞAN,BDP,DİYARBAKIR,1,1,6,140,0,0,0,0,1,33
6549,Emine AYNA,BDP,DİYARBAKIR,1,1,0,140,0,0,0,0,0,20
6123,Mehmet Mehdi EKER,AK Parti,DİYARBAKIR,0,0,0,0,0,0,0,0,0,0
3769,Şerafettin ELÇİ,KADEP,DİYARBAKIR,0,0,0,0,0,0,0,0,0,0
6946,Mehmet Galip ENSARİOĞLU,AK Parti,DİYARBAKIR,0,2,0,1,0,0,0,0,0,0
6939,Oya ERONAT,AK Parti,DİYARBAKIR,0,3,0,11,0,0,0,0,0,0
6944,Mehmet Süleyman HAMZAOĞULLARI,AK Parti,DİYARBAKIR,0,0,0,9,0,0,0,0,0,0
6935,Cuma İÇTEN,AK Parti,DİYARBAKIR,0,2,1,3,0,1,0,0,0,0
6940,Mine LÖK BEYAZ,AK Parti,DİYARBAKIR,0,2,0,2,0,0,0,0,0,0
6959,Altan TAN,BDP,DİYARBAKIR,1,1,9,141,0,0,0,0,0,273
4537,Leyla ZANA,BAĞIMSIZ,DİYARBAKIR,0,0,0,55,0,0,0,0,0,1
6878,Fevai ARSLAN,AK Parti,DÜZCE,0,0,0,0,0,1,0,0,0,0
6813,Osman ÇAKIR,AK Parti,DÜZCE,0,0,0,1,0,0,0,0,0,0
6815,İbrahim KORKMAZ,AK Parti,DÜZCE,0,1,0,5,0,0,0,0,0,0
6755,Kemal DEĞİRMENDERELİ,CHP,EDİRNE,0,10,1,41,0,0,0,1,0,12
6743,Recep GÜRKAN,CHP,EDİRNE,2,12,0,114,0,1,0,2,0,24
6491,Mehmet MÜEZZİNOĞLU,AK Parti,EDİRNE,0,0,0,3,0,0,0,0,0,0
6729,Şuay ALPAY,AK Parti,ELAZIĞ,1,4,0,5,0,0,0,0,0,0
6761,Sermin BALIK,AK Parti,ELAZIĞ,0,1,0,1,0,0,0,0,0,0
6097,Zülfü DEMİRBAĞ,AK Parti,ELAZIĞ,0,2,0,10,0,0,0,0,0,0
6821,Enver ERDEM,MHP,ELAZIĞ,0,9,13,188,0,0,0,0,0,25
6453,Faruk SEPTİOĞLU,AK Parti,ELAZIĞ,0,1,0,0,0,0,0,0,0,0
6659,Muharrem IŞIK,CHP,ERZİNCAN,5,20,9,129,0,1,0,2,0,55
5821,Sebahattin KARAKELLE,AK Parti,ERZİNCAN,0,1,0,0,0,0,0,0,0,0
6331,Recep AKDAĞ,AK Parti,ERZURUM,0,1,0,0,0,0,0,0,0,0
6576,Muhyettin AKSAK,AK Parti,ERZURUM,0,1,0,1,0,0,0,0,0,0
6496,Fazilet DAĞCI ÇIĞLIK,AK Parti,ERZURUM,0,0,0,2,0,0,0,0,0,0
4548,Oktay ÖZTÜRK,MHP,ERZURUM,1,5,1,138,0,0,0,0,0,24
6728,Cengiz YAVİLİOĞLU,AK Parti,ERZURUM,1,3,0,0,0,0,0,0,0,0
6750,Adnan YILMAZ,AK Parti,ERZURUM,0,2,0,0,0,0,0,0,0,0
6804,Nabi AVCI,AK Parti,ESKİŞEHİR,0,0,0,0,0,0,0,0,0,0
6808,Bedii Süheyl BATUM,CHP,ESKİŞEHİR,0,9,1,31,0,0,0,3,0,2
6818,Ülker CAN,AK Parti,ESKİŞEHİR,0,2,0,2,0,0,0,0,0,0
6722,Ruhsar DEMİREL,MHP,ESKİŞEHİR,0,8,9,58,0,0,0,0,0,155
6817,Salih KOCA,AK Parti,ESKİŞEHİR,0,3,0,1,0,0,0,0,5,0
6713,Kazım KURT,CHP,ESKİŞEHİR,14,20,2,126,0,1,0,3,11,107
6766,Derya BAKBAK,AK Parti,GAZİANTEP,0,2,0,1,0,0,0,0,0,0
5800,Hüseyin ÇELİK,AK Parti,GAZİANTEP,0,2,0,0,0,0,0,0,0,0
6506,Mehmet ERDOĞAN,AK Parti,GAZİANTEP,1,2,1,4,0,0,0,0,0,0
6763,Abdullah Nejat KOÇER,AK Parti,GAZİANTEP,0,3,0,1,0,0,0,0,0,0
6498,İbrahim Halil MAZICIOĞLU,AK Parti,GAZİANTEP,0,2,0,1,0,0,0,0,0,0
6264,Mehmet SARI,AK Parti,GAZİANTEP,0,2,0,2,0,0,0,0,0,0
6679,Ali SERİNDAĞ,CHP,GAZİANTEP,4,28,0,198,0,1,0,5,0,18
6770,Ali ŞAHİN,AK Parti,GAZİANTEP,0,1,0,3,0,0,0,0,0,0
6159,Fatma ŞAHİN,AK Parti,GAZİANTEP,0,1,0,0,0,0,0,0,0,0
6764,Mehmet ŞEKER,CHP,GAZİANTEP,6,27,4,279,0,1,0,3,15,58
6776,Şamil TAYYAR,AK Parti,GAZİANTEP,0,1,0,2,0,0,0,0,0,0
6726,Edip Semih YALÇIN,MHP,GAZİANTEP,0,2,0,22,0,0,0,0,1,14
5943,Nurettin CANİKLİ,AK Parti,GİRESUN,6,7,1,1,1,1,0,0,0,0
6735,Mehmet GELDİ,AK Parti,GİRESUN,0,1,0,0,0,0,0,0,0,0
6829,Selahattin KARAAHMETOĞLU,CHP,GİRESUN,2,16,3,85,0,0,0,3,15,70
5946,Adem TATLI,AK Parti,GİRESUN,0,1,0,0,0,0,0,0,5,0
6593,Kemalettin AYDIN,AK Parti,GÜMÜŞHANE,0,5,0,15,0,0,0,0,0,0
6869,Feramuz ÜSTÜN,AK Parti,GÜMÜŞHANE,0,2,0,1,0,0,0,0,0,0
4561,Esat CANAN,BDP,HAKKARİ,0,0,0,141,0,0,0,0,0,0
6482,Selahattin DEMİRTAŞ,BDP,HAKKARİ,0,0,0,0,0,0,0,0,0,0
6969,Adil KURT,BDP,HAKKARİ,2,3,9,143,0,0,0,0,0,18
6784,Hasan AKGÖL,CHP,HATAY,0,14,2,137,0,1,0,2,0,36
6673,Adnan Şefik ÇİRKİN,MHP,HATAY,11,15,3,74,0,0,0,0,0,75
6926,Mevlüt DUDU,CHP,HATAY,2,11,4,100,0,1,0,1,1,54
6669,Mehmet Ali EDİBOĞLU,CHP,HATAY,4,29,5,253,0,1,0,2,1,79
6013,Sadullah ERGİN,AK Parti,HATAY,0,1,0,0,0,0,0,0,0,0
6925,Refik ERYILMAZ,CHP,HATAY,3,7,1,34,0,1,0,1,0,16
6604,Orhan KARASAYAR,AK Parti,HATAY,0,2,0,12,0,0,0,0,0,0
6731,Mehmet ÖNTÜRK,AK Parti,HATAY,0,2,0,8,0,0,0,0,0,0
6736,Hacı Bayram TÜRKOĞLU,AK Parti,HATAY,0,4,0,1,0,0,0,0,0,0
6932,Adem YEŞİLDAL,AK Parti,HATAY,0,1,0,1,0,0,0,0,0,0
6475,Pervin BULDAN,BDP,IĞDIR,4,4,28,173,1,1,4,4,0,61
6772,Sinan OĞAN,MHP,IĞDIR,4,8,5,95,0,0,0,0,28,56
6378,Süreyya Sadi BİLGİÇ,AK Parti,ISPARTA,1,2,0,1,0,0,0,0,0,0
6427,Süleyman Nevzat KORKMAZ,MHP,ISPARTA,0,6,6,109,0,0,0,0,0,19
6851,Ali Haydar ÖNER,CHP,ISPARTA,4,19,0,109,0,1,0,1,0,0
6089,Recep ÖZEL,AK Parti,ISPARTA,1,5,0,5,0,1,0,0,5,0
5687,Celal ADAN,MHP,İSTANBUL,0,4,1,200,0,0,0,0,0,17
6942,Sabahat AKKİRAY,CHP,İSTANBUL,2,10,0,32,0,0,0,1,0,29
4279,Abdülkadir AKSU,AK Parti,İSTANBUL,0,2,0,0,0,0,0,0,0,0
5460,Meral AKŞENER,MHP,İSTANBUL,0,1,0,14,0,0,0,0,0,0
6951,Engin ALAN,MHP,İSTANBUL,0,0,0,0,0,0,0,0,0,0
6228,Ferit Mevlüt ASLANOĞLU,CHP,İSTANBUL,7,17,45,114,0,3,0,2,46,5
6168,Mustafa ATAŞ,AK Parti,İSTANBUL,0,1,0,5,0,1,0,0,5,0
5709,Aydın Ağan AYAYDIN,CHP,İSTANBUL,4,10,5,27,0,0,0,2,0,14
6025,Egemen BAĞIŞ,AK Parti,İSTANBUL,0,1,0,0,0,0,0,0,0,0
6628,Ayşe Nur BAHÇEKAPILI,AK Parti,İSTANBUL,4,5,0,1,0,1,0,0,0,0
6848,Osman Aşkın BAK,AK Parti,İSTANBUL,0,2,0,4,0,0,0,0,0,0
6819,İhsan BARUTÇU,BAĞIMSIZ,İSTANBUL,0,1,0,0,0,0,0,0,0,23
6209,Nimet BAŞ,AK Parti,İSTANBUL,0,0,0,0,0,0,0,0,0,0
4362,Murat BAŞESGİOĞLU,MHP,İSTANBUL,0,1,0,50,0,0,0,0,0,0
6896,Osman BOYRAZ,AK Parti,İSTANBUL,0,1,0,5,0,1,0,0,0,0
6871,Volkan BOZKIR,AK Parti,İSTANBUL,0,0,0,0,0,0,0,0,0,0
6785,Hüseyin BÜRGE,AK Parti,İSTANBUL,0,1,0,1,0,0,0,0,0,0
6742,Ercan CENGİZ,CHP,İSTANBUL,1,9,0,18,0,0,0,0,0,3
6767,Süleyman ÇELEBİ,CHP,İSTANBUL,4,17,2,60,0,0,0,2,35,37
6899,Muhammed ÇETİN,AK Parti,İSTANBUL,0,1,0,0,0,0,0,0,0,0
6897,Ahmet Berat ÇONKAR,AK Parti,İSTANBUL,0,1,0,4,0,0,0,0,0,0
6759,Türkan DAĞOĞLU,AK Parti,İSTANBUL,1,3,0,2,0,0,0,0,0,0
6947,Gülay DALYAN,AK Parti,İSTANBUL,0,0,0,4,0,0,0,0,0,0
6921,Ayşe Eser DANIŞOĞLU,CHP,İSTANBUL,3,12,2,22,0,0,0,1,0,8
6624,Alev DEDEGİL,AK Parti,İSTANBUL,0,1,0,2,0,0,0,0,0,0
6812,Celal DİNÇER,CHP,İSTANBUL,17,49,10,200,0,0,0,3,22,23
6610,Ömer DİNÇER,AK Parti,İSTANBUL,0,0,0,0,0,0,0,0,0,0
6383,Mehmet DOMAÇ,AK Parti,İSTANBUL,1,3,0,2,0,0,0,0,0,0
4840,Osman Oktay EKŞİ,CHP,İSTANBUL,6,12,1,21,0,1,0,2,2,102
5471,Ekrem ERDEM,AK Parti,İSTANBUL,0,1,0,0,0,0,0,0,0,0
6371,Recep Tayyip ERDOĞAN,AK Parti,İSTANBUL,1,1,0,0,0,0,0,0,0,0
6748,Aykut ERDOĞDU,CHP,İSTANBUL,0,13,2,54,0,0,0,3,0,48
6174,Gürsoy EROL,AK Parti,İSTANBUL,0,1,0,1,0,0,0,0,0,0
6936,Ahmet Haldun ERTÜRK,AK Parti,İSTANBUL,0,1,0,2,0,0,0,0,0,0
6756,Haluk EYİDOĞAN,CHP,İSTANBUL,0,22,0,160,0,0,0,1,1,31
6408,İdris GÜLLÜCE,AK Parti,İSTANBUL,0,1,0,1,0,0,0,0,0,0
6069,Mehmet Akif HAMZAÇEBİ,CHP,İSTANBUL,16,17,1,4,1,2,0,2,0,23
6336,Halide İNCEKARA,AK Parti,İSTANBUL,0,1,1,2,0,0,0,0,0,0
6167,Ünal KACIR,AK Parti,İSTANBUL,0,1,0,1,0,0,0,0,0,0
6915,Harun KARACA,AK Parti,İSTANBUL,0,1,0,2,0,0,0,0,0,0
6495,Atila KAYA,MHP,İSTANBUL,1,4,0,113,0,0,0,0,0,18
6883,Erol KAYA,AK Parti,İSTANBUL,0,1,0,4,0,0,0,0,0,0
6910,Tülay KAYNARCA,AK Parti,İSTANBUL,0,2,0,5,0,0,0,0,0,0
5982,Kemal KILIÇDAROĞLU,CHP,İSTANBUL,0,0,0,0,0,0,0,0,0,0
6379,Feyzullah KIYIKLIK,AK Parti,İSTANBUL,0,1,0,0,0,0,0,0,0,0
6858,Osman Taney KORUTÜRK,CHP,İSTANBUL,0,15,0,21,0,0,0,3,0,11
6799,Mehmet Doğan KUBAT,AK Parti,İSTANBUL,2,5,0,4,0,0,0,0,5,0
6274,Burhan KUZU,AK Parti,İSTANBUL,0,0,0,0,0,0,0,0,0,0
6885,Sedef KÜÇÜK,CHP,İSTANBUL,6,24,5,119,0,1,0,2,0,13
6777,Metin KÜLÜNK,AK Parti,İSTANBUL,1,2,0,3,0,0,0,0,0,0
6870,Muhammet Bilal MACİT,AK Parti,İSTANBUL,0,1,0,3,0,0,0,0,0,0
6775,Mehmet MUŞ,AK Parti,İSTANBUL,0,2,0,3,0,0,0,0,0,0
6918,Nureddin NEBATİ,AK Parti,İSTANBUL,0,1,0,2,0,0,0,0,0,0
6864,Melda ONUR,CHP,İSTANBUL,1,12,3,43,0,0,0,1,0,34
6800,Umut ORAN,CHP,İSTANBUL,15,22,10,32,0,0,0,1,3,219
6929,Kadir Gökmen ÖĞÜT,CHP,İSTANBUL,0,25,0,277,0,2,0,1,5,34
6903,Ahmet Baha ÖĞÜTKEN,AK Parti,İSTANBUL,0,3,0,3,0,0,0,0,0,0
6963,Sırrı Süreyya ÖNDER,BDP,İSTANBUL,6,6,2,141,0,0,0,0,0,30
6744,Ali ÖZGÜNDÜZ,CHP,İSTANBUL,11,27,12,165,0,2,0,2,8,87
6916,İhsan ÖZKES,CHP,İSTANBUL,1,27,4,369,0,0,0,3,29,123
6920,Şafak PAVEY,CHP,İSTANBUL,1,7,1,32,0,0,0,1,0,9
6854,İsmail SAFİ,AK Parti,İSTANBUL,0,1,0,9,0,0,0,0,0,0
6930,Oktay SARAL,AK Parti,İSTANBUL,0,3,0,1,0,0,0,0,0,0
6895,Müslim SARI,CHP,İSTANBUL,0,6,0,15,0,0,0,3,0,11
6866,Mihrimah Belma SATIR,AK Parti,İSTANBUL,0,2,0,4,0,0,0,0,0,0
6876,Sevim SAVAŞER,AK Parti,İSTANBUL,0,2,0,5,0,1,0,0,0,0
6613,Fatma Nur SERTER,CHP,İSTANBUL,0,11,1,30,0,1,0,2,2,13
6906,Mustafa ŞENTOP,AK Parti,İSTANBUL,0,2,0,0,0,0,0,0,0,0
6912,Hakan ŞÜKÜR,AK Parti,İSTANBUL,0,2,0,1,0,0,0,0,0,0
6204,Bihlun TAMAYLIGİL,CHP,İSTANBUL,1,11,0,8,0,1,0,1,0,4
6765,Mahmut TANAL,CHP,İSTANBUL,126,151,17,244,0,2,0,2,37,202
6908,Mustafa Sezgin TANRIKULU,CHP,İSTANBUL,47,120,16,311,0,2,0,2,0,287
6836,Gürsel TEKİN,CHP,İSTANBUL,8,12,0,4,0,0,0,1,0,5
6922,Binnaz TOPRAK,CHP,İSTANBUL,1,12,1,36,0,0,0,2,0,4
5486,Erdoğan TOPRAK,CHP,İSTANBUL,9,16,3,10,0,0,0,1,16,51
6413,Durmuşali TORLAK,MHP,İSTANBUL,1,4,6,172,0,0,0,0,0,104
6877,Faik TUNAY,CHP,İSTANBUL,2,8,2,46,0,1,0,0,0,26
6548,Sebahat TUNCEL,BDP,İSTANBUL,14,14,16,137,0,0,0,0,3,32
6771,Bülent TURAN,AK Parti,İSTANBUL,2,5,0,2,0,0,0,0,5,0
6950,Ahmet Kutalmış TÜRKEŞ,AK Parti,İSTANBUL,0,0,0,1,0,0,0,0,0,0
6962,Abdullah Levent TÜZEL,BAĞIMSIZ,İSTANBUL,3,3,4,4,0,0,0,0,5,77
6952,İsmet UÇMA,AK Parti,İSTANBUL,0,1,0,3,0,0,0,0,0,0
6823,Şirin ÜNAL,AK Parti,İSTANBUL,1,3,0,3,0,1,0,0,0,0
5971,Enver YILMAZ,AK Parti,İSTANBUL,0,1,0,3,0,0,0,0,0,0
6505,İbrahim YİĞİT,AK Parti,İSTANBUL,0,0,0,2,0,0,0,0,0,0
6856,Erdal AKSÜNGER,CHP,İZMİR,3,15,2,211,0,1,0,2,0,29
6865,Ali AŞLIK,AK Parti,İZMİR,1,2,0,4,0,1,0,0,0,0
6794,Birgül AYMAN GÜLER,CHP,İZMİR,0,4,1,23,0,0,0,2,0,17
6945,Mustafa Ali BALBAY,CHP,İZMİR,0,0,0,1,0,0,0,0,0,0
6838,Musa ÇAM,CHP,İZMİR,2,11,0,61,0,0,0,1,0,29
6779,Aytun ÇIRAY,CHP,İZMİR,2,13,1,27,0,2,0,1,0,42
6875,Hamza DAĞ,AK Parti,İZMİR,0,4,0,3,0,0,0,0,0,0
6934,İlknur DENİZLİ,AK Parti,İZMİR,0,2,0,4,0,0,0,0,0,0
3782,Ertuğrul GÜNAY,AK Parti,İZMİR,0,0,0,1,0,0,0,0,0,0
6781,Hülya GÜVEN,CHP,İZMİR,3,22,7,179,0,0,0,1,15,32
6752,İlhan İŞBİLEN,AK Parti,İZMİR,0,1,0,2,0,0,0,0,0,0
4287,Erdal KALKAN,AK Parti,İZMİR,0,1,1,2,0,0,0,0,0,0
6786,Mustafa MOROĞLU,CHP,İZMİR,2,12,2,36,0,0,0,1,0,14
6564,Şükran Güldal MUMCU,CHP,İZMİR,2,3,0,3,0,0,0,0,0,0
6121,Oğuz OYAN,CHP,İZMİR,5,9,4,12,0,0,1,3,0,18
6891,Rıfat SAİT,AK Parti,İZMİR,1,2,0,0,0,0,0,0,0,0
6523,Mehmet Ali SUSAM,CHP,İZMİR,8,19,3,64,0,0,0,2,10,15
6860,Aydın ŞENGÜL,AK Parti,İZMİR,0,1,0,2,0,0,0,0,0,0
5683,Ahmet Kenan TANRIKULU,MHP,İZMİR,7,9,1,78,0,0,0,0,0,83
6286,Mehmet Sayım TEKELİOĞLU,AK Parti,İZMİR,1,2,0,2,0,0,0,0,0,0
6853,Rahmi Aşkın TÜRELİ,CHP,İZMİR,1,14,4,101,0,0,0,2,2,47
6802,Rıza Mahmut TÜRMEN,CHP,İZMİR,7,15,2,55,0,0,0,2,0,6
6872,Nesrin ULEMA,AK Parti,İZMİR,0,3,0,5,0,0,0,0,0,0
5763,Oktay VURAL,MHP,İZMİR,55,57,3,116,2,4,2,2,0,24
6239,Binali YILDIRIM,AK Parti,İZMİR,0,0,0,0,0,0,0,0,0,0
6809,Alaattin YÜKSEL,CHP,İZMİR,4,13,3,36,0,0,0,2,0,57
6769,Sevde BAYAZIT KAÇAR,AK Parti,KAHRAMANMARAŞ,0,1,0,1,0,0,0,0,0,0
6739,Mesut DEDEOĞLU,MHP,KAHRAMANMARAŞ,5,8,22,198,0,0,0,0,480,398
6787,Sıtkı GÜVENÇ,AK Parti,KAHRAMANMARAŞ,0,1,0,4,0,0,0,0,0,0
6515,Durdu ÖZBOLAT,CHP,KAHRAMANMARAŞ,0,8,0,89,0,1,0,2,0,29
6002,Nevzat PAKDİL,AK Parti,KAHRAMANMARAŞ,1,2,0,5,0,0,0,0,0,0
6754,Yıldırım Mehmet RAMAZANOĞLU,AK Parti,KAHRAMANMARAŞ,0,1,0,2,0,0,0,0,0,0
5506,Mehmet SAĞLAM,AK Parti,KAHRAMANMARAŞ,1,2,0,0,0,0,0,0,0,0
6862,Mahir ÜNAL,AK Parti,KAHRAMANMARAŞ,4,5,0,1,0,1,0,0,0,0
6661,Osman KAHVECİ,AK Parti,KARABÜK,0,2,0,2,0,0,0,0,0,0
5482,Mehmet Ali ŞAHİN,AK Parti,KARABÜK,0,1,0,0,0,0,0,0,0,0
6306,Mevlüt AKGÜN,AK Parti,KARAMAN,0,1,0,1,0,0,0,0,0,0
6440,Lütfi ELVAN,AK Parti,KARAMAN,0,1,0,2,0,0,0,0,0,0
6698,Ahmet ARSLAN,AK Parti,KARS,1,4,0,10,0,0,0,0,0,0
6966,Mülkiye BİRTANE,BDP,KARS,8,8,22,138,0,0,0,0,1,92
6693,Yunus KILIÇ,AK Parti,KARS,0,1,0,1,0,0,0,0,0,0
6749,Emin ÇINAR,MHP,KASTAMONU,1,5,3,175,0,0,0,0,5,39
6943,Mustafa Gökhan GÜLŞEN,AK Parti,KASTAMONU,0,2,0,1,0,0,0,0,0,0
6337,Hakkı KÖYLÜ,AK Parti,KASTAMONU,0,1,0,1,0,0,0,0,0,0
6318,Mustafa ELİTAŞ,AK Parti,KAYSERİ,5,6,0,1,0,1,0,0,0,0
6900,Pelin GÜNDEŞ BAKIR,AK Parti,KAYSERİ,0,3,0,2,0,0,0,0,0,0
6746,Yusuf HALAÇOĞLU,MHP,KAYSERİ,0,6,0,167,0,0,0,0,0,19
6433,Yaşar KARAYEL,AK Parti,KAYSERİ,0,3,0,4,0,0,0,0,0,0
6509,Mehmet Şevki KULKULOĞLU,CHP,KAYSERİ,0,10,1,212,0,0,0,1,0,18
6529,Ahmet ÖKSÜZKAYA,AK Parti,KAYSERİ,1,3,0,7,0,0,0,0,0,0
6948,İsmail TAMER,AK Parti,KAYSERİ,0,3,0,5,0,0,0,0,0,0
5686,Sadık YAKUT,AK Parti,KAYSERİ,2,3,0,1,0,0,0,0,0,0
6317,Taner YILDIZ,AK Parti,KAYSERİ,0,2,0,0,0,0,0,0,0,0
5932,Beşir ATALAY,AK Parti,KIRIKKALE,0,0,0,0,0,0,0,0,0,0
6133,Ramazan CAN,AK Parti,KIRIKKALE,0,3,0,4,0,1,0,0,0,0
6716,Oğuz Kağan KÖKSAL,AK Parti,KIRIKKALE,0,2,0,3,0,0,0,0,0,0
6500,Turgut DİBEK,CHP,KIRKLARELİ,4,17,13,98,0,1,0,3,0,117
6917,Şenol GÜRŞAN,AK Parti,KIRKLARELİ,0,1,0,2,0,0,0,0,0,0
6079,Mehmet Siyam KESİMOĞLU,CHP,KIRKLARELİ,6,21,3,134,0,0,0,1,0,114
6816,Muzaffer ASLAN,AK Parti,KIRŞEHİR,0,3,0,4,0,0,0,0,0,0
6550,Abdullah ÇALIŞKAN,AK Parti,KIRŞEHİR,0,3,0,2,0,0,0,0,0,0
6656,Ahmet Salih DAL,AK Parti,KİLİS,0,1,0,0,0,1,0,0,0,0
6657,Fuat KARAKUŞ,AK Parti,KİLİS,0,0,0,1,0,0,0,0,0,0
6680,Haydar AKAR,CHP,KOCAELİ,4,26,6,179,0,1,0,4,2,48
6937,Zeki AYGÜN,AK Parti,KOCAELİ,0,1,0,0,0,0,0,0,0,0
6321,Muzaffer BAŞTOPÇU,AK Parti,KOCAELİ,0,1,0,0,0,0,0,0,0,0
6327,Nihat ERGÜN,AK Parti,KOCAELİ,0,0,0,0,0,0,0,0,0,0
6535,Azize Sibel GÖNÜL,AK Parti,KOCAELİ,1,4,1,4,0,0,0,0,0,0
6684,Hurşit GÜNEŞ,CHP,KOCAELİ,1,18,1,142,0,1,1,2,0,13
6534,Fikri IŞIK,AK Parti,KOCAELİ,0,1,0,1,0,0,0,0,0,0
6683,Mehmet Hilal KAPLAN,CHP,KOCAELİ,1,11,3,153,0,0,0,4,2,14
6938,Mehmet Ali OKUR,AK Parti,KOCAELİ,0,0,0,0,0,0,0,0,0,0
6941,İlyas ŞEKER,AK Parti,KOCAELİ,0,1,0,0,0,0,0,0,0,0
6664,Lütfü TÜRKKAN,MHP,KOCAELİ,4,7,3,120,0,0,0,0,4,235
6672,Mustafa AKIŞ,AK Parti,KONYA,0,3,0,1,0,0,0,0,0,0
5668,Faruk BAL,MHP,KONYA,0,2,0,29,0,0,0,0,0,1
6868,Mustafa BALOĞLU,AK Parti,KONYA,0,4,0,3,0,0,0,0,0,0
6648,Ahmet DAVUTOĞLU,AK Parti,KONYA,0,0,0,0,0,0,0,0,0,0
6423,Mustafa KABAKCI,AK Parti,KONYA,0,2,0,1,0,0,0,0,0,0
6466,Mustafa KALAYCI,MHP,KONYA,24,34,2,161,0,0,0,0,0,31
5938,Atilla KART,CHP,KONYA,5,13,2,97,0,1,1,2,0,65
6281,Kerim ÖZKUL,AK Parti,KONYA,0,5,1,2,0,0,0,0,0,0
6718,Gülay SAMANCI,AK Parti,KONYA,0,2,0,0,0,0,0,0,0,0
6276,Harun TÜFEKCİ,AK Parti,KONYA,0,2,0,3,0,0,0,0,0,0
6420,Ayşe TÜRKMENOĞLU,AK Parti,KONYA,0,3,0,2,0,0,0,0,0,0
6677,Hüseyin ÜZÜLMEZ,AK Parti,KONYA,0,1,0,1,0,0,0,0,0,0
6670,İlhan YERLİKAYA,AK Parti,KONYA,0,2,0,4,0,0,0,0,0,0
6725,Cem ZORLU,AK Parti,KONYA,0,3,0,3,0,0,0,0,0,0
5979,Soner AKSOY,AK Parti,KÜTAHYA,0,0,0,2,0,0,0,0,0,0
6741,İdris BAL,AK Parti,KÜTAHYA,0,1,0,1,0,0,0,0,0,0
6437,Alim IŞIK,MHP,KÜTAHYA,5,9,19,214,0,0,0,0,169,850
6658,Vural KAVUNCU,AK Parti,KÜTAHYA,0,1,0,2,0,0,0,0,0,0
6171,Hasan Fehmi KİNAY,AK Parti,KÜTAHYA,0,1,0,0,0,0,0,0,0,0
6857,Veli AĞBABA,CHP,MALATYA,4,30,28,287,1,1,0,4,2,160
6685,Hüseyin Cemal AKIN,AK Parti,MALATYA,0,1,0,2,0,0,0,0,0,0
6615,Öznur ÇALIK,AK Parti,MALATYA,3,4,1,3,0,0,0,0,0,0
6518,Mahmut Mücahit FINDIKLI,AK Parti,MALATYA,0,1,1,2,0,0,0,0,0,0
6429,Ömer Faruk ÖZ,AK Parti,MALATYA,0,3,0,4,0,0,0,0,0,0
6924,Mustafa ŞAHİN,AK Parti,MALATYA,0,3,0,3,0,1,0,0,0,0
6462,Erkan AKÇAY,MHP,MANİSA,8,19,17,157,0,0,0,0,0,252
6913,Uğur AYDEMİR,AK Parti,MANİSA,1,3,0,2,0,0,0,0,0,0
6522,Recai BERBER,AK Parti,MANİSA,1,2,0,1,0,0,0,0,0,0
3764,Sümer ORAL,MHP,MANİSA,0,2,0,137,0,0,0,0,0,5
6324,Hasan ÖREN,CHP,MANİSA,8,20,7,73,0,1,0,2,1,134
6778,Sakine ÖZ,CHP,MANİSA,1,20,3,145,0,1,0,1,0,45
6907,Selçuk ÖZDAĞ,AK Parti,MANİSA,0,1,1,2,0,0,0,0,0,0
6928,Özgür ÖZEL,CHP,MANİSA,1,21,3,144,0,1,0,2,1,55
6179,Hüseyin TANRIVERDİ,AK Parti,MANİSA,0,1,0,1,0,0,0,0,0,0
6863,Muzaffer YURTTAŞ,AK Parti,MANİSA,0,2,0,3,0,0,0,0,0,0
6732,Abdurrahim AKDAĞ,AK Parti,MARDİN,0,1,0,2,0,0,0,0,0,0
6633,Gönül BEKİN ŞAHKULUBEY,AK Parti,MARDİN,0,3,0,3,0,0,0,0,0,0
6965,Erol DORA,BDP,MARDİN,0,0,6,141,0,0,0,0,0,10
6737,Muammer GÜLER,AK Parti,MARDİN,0,2,0,1,0,0,0,0,0,0
3536,Ahmet TÜRK,BAĞIMSIZ,MARDİN,0,0,0,1,0,0,0,0,0,1
6964,Gülser YILDIRIM,BDP,MARDİN,0,0,0,0,0,0,0,0,0,0
6927,Aytuğ ATICI,CHP,MERSİN,3,14,9,106,0,1,0,3,1,33
6719,Nebi BOZKURT,AK Parti,MERSİN,0,0,0,3,0,0,0,0,0,0
6531,Mehmet Zafer ÇAĞLAYAN,AK Parti,MERSİN,0,0,0,0,0,0,0,0,0,0
6641,İsa GÖK,CHP,MERSİN,0,1,0,5,0,0,0,2,0,3
6955,Ertuğrul KÜRKCÜ,BDP,MERSİN,0,1,8,139,0,0,0,0,0,16
6715,Çiğdem Münevver ÖKTEN,AK Parti,MERSİN,1,2,0,3,0,0,0,0,0,0
6811,Ali ÖZ,MHP,MERSİN,7,12,3,193,0,0,0,0,8,55
6563,Ali Rıza ÖZTÜRK,CHP,MERSİN,7,30,16,243,0,1,0,2,0,172
6557,Vahap SEÇER,CHP,MERSİN,1,11,5,30,0,0,0,2,0,17
5782,Mehmet ŞANDIR,MHP,MERSİN,68,70,68,213,2,4,0,2,0,175
6714,Ahmet Tevfik UZUN,AK Parti,MERSİN,0,3,0,0,0,1,0,0,0,0
6830,Ömer Süha ALDAN,CHP,MUĞLA,2,17,0,39,0,0,0,3,0,10
6833,Ali BOĞA,AK Parti,MUĞLA,0,1,0,2,0,0,0,0,0,0
6791,Tolga ÇANDAR,CHP,MUĞLA,0,11,2,83,0,1,0,2,0,5
6914,Nurettin DEMİR,CHP,MUĞLA,11,20,3,137,0,1,0,2,4,61
6881,Mehmet ERDOĞAN,MHP,MUĞLA,8,14,3,185,0,0,0,0,10,18
6422,Yüksel ÖZDEN,AK Parti,MUĞLA,1,2,0,3,0,0,0,0,0,0
6890,Muzaffer ÇAKAR,AK Parti,MUŞ,0,2,0,1,0,0,0,0,0,0
6961,Demir ÇELİK,BDP,MUŞ,2,2,6,134,0,0,0,0,0,44
6733,Faruk IŞIK,AK Parti,MUŞ,0,1,0,3,0,0,0,0,0,0
4673,Sırrı SAKİK,BDP,MUŞ,1,1,7,141,0,0,0,0,0,11
6517,Ahmet Erdal FERALAN,AK Parti,NEVŞEHİR,0,1,0,3,0,0,0,0,0,0
6904,Ebu Bekir GİZLİGİDER,AK Parti,NEVŞEHİR,0,2,2,3,0,0,0,0,0,0
6882,Murat GÖKTÜRK,AK Parti,NEVŞEHİR,0,2,0,4,0,0,0,0,0,0
6682,Alpaslan KAVAKLIOĞLU,AK Parti,NİĞDE,0,2,0,4,0,0,0,0,0,0
6706,Ömer SELVİ,AK Parti,NİĞDE,0,1,0,3,0,1,0,0,0,0
6711,Doğan ŞAFAK,CHP,NİĞDE,2,20,3,143,0,0,0,4,6,19
6578,Mustafa HAMARAT,AK Parti,ORDU,1,2,0,3,0,0,0,0,0,0
6312,İdris Naim ŞAHİN,AK Parti,ORDU,0,0,0,0,0,0,0,0,0,0
6879,İhsan ŞENER,AK Parti,ORDU,1,3,0,2,0,0,0,0,0,0
6888,Fatih Han ÜNAL,AK Parti,ORDU,0,3,0,1,0,0,0,0,0,0
6798,İdris YILDIZ,CHP,ORDU,0,15,5,59,0,0,0,3,0,30
5801,Devlet BAHÇELİ,MHP,OSMANİYE,1,1,0,0,0,0,0,0,0,0
6339,Durdu Mehmet KASTAL,AK Parti,OSMANİYE,0,0,0,12,0,0,0,0,0,0
6740,Suat ÖNAL,AK Parti,OSMANİYE,0,0,0,1,0,0,0,0,0,0
6694,Hasan Hüseyin TÜRKOĞLU,MHP,OSMANİYE,8,14,7,146,0,0,0,0,2,55
6260,Nusret BAYRAKTAR,AK Parti,RİZE,0,2,0,0,0,0,0,0,0,0
6889,Hasan KARAL,AK Parti,RİZE,0,2,0,1,0,0,0,0,0,0
5996,Hayati YAZICI,AK Parti,RİZE,1,2,0,0,0,0,0,0,0,0
6348,Hasan Ali ÇELİK,AK Parti,SAKARYA,1,2,0,1,0,0,0,0,0,0
5997,Şaban DİŞLİ,AK Parti,SAKARYA,0,1,0,0,0,0,0,0,0,0
6861,Ayşenur İSLAM,AK Parti,SAKARYA,0,1,0,3,0,0,0,0,0,0
6438,Münir KUTLUATA,MHP,SAKARYA,0,2,1,28,0,0,0,0,0,0
6789,Engin ÖZKOÇ,CHP,SAKARYA,2,11,2,25,0,1,0,1,0,26
6347,Ayhan Sefer ÜSTÜN,AK Parti,SAKARYA,0,1,0,1,0,0,0,0,0,0
6822,Ali İhsan YAVUZ,AK Parti,SAKARYA,0,3,0,2,0,0,0,0,0,0
6675,Tülay BAKIR,AK Parti,SAMSUN,0,1,0,11,0,0,0,0,0,0
6269,Cemal Yılmaz DEMİR,AK Parti,SAMSUN,0,0,0,1,0,0,0,0,0,0
6270,Mustafa DEMİR,AK Parti,SAMSUN,0,1,0,1,0,0,0,0,0,0
6834,Ahmet İhsan KALKAVAN,CHP,SAMSUN,0,24,0,217,0,2,0,2,5,14
6662,Akif Çağatay KILIÇ,AK Parti,SAMSUN,0,1,0,2,0,0,0,0,0,0
6153,Suat KILIÇ,AK Parti,SAMSUN,0,1,0,0,0,0,0,0,0,0
6081,Ahmet Haluk KOÇ,CHP,SAMSUN,0,8,0,12,0,1,0,1,0,21
6850,Cemalettin ŞİMŞEK,MHP,SAMSUN,0,6,2,67,0,0,0,0,0,15
6008,Ahmet YENİ,AK Parti,SAMSUN,0,1,0,1,0,0,0,0,0,0
6010,Afif DEMİRKIRAN,AK Parti,SİİRT,0,2,0,3,0,0,0,0,0,0
6479,Gültan KIŞANAK,BDP,SİİRT,0,0,0,0,0,0,0,0,0,0
6901,Osman ÖREN,AK Parti,SİİRT,0,1,0,1,0,0,0,0,0,0
6030,Engin ALTAY,CHP,SİNOP,2,6,4,45,0,1,0,3,0,19
6745,Mehmet ERSOY,AK Parti,SİNOP,0,1,0,6,0,0,0,0,0,0
6887,Hilmi BİLGİN,AK Parti,SİVAS,0,3,0,3,0,0,0,0,0,0
6620,Mesude Nursuna MEMECAN,AK Parti,SİVAS,0,0,0,1,0,0,0,0,0,0
6405,Malik Ecder ÖZDEMİR,CHP,SİVAS,4,20,1,152,0,2,0,3,0,19
6886,Ali TURAN,AK Parti,SİVAS,0,1,0,2,0,0,0,0,0,0
6374,İsmet YILMAZ,AK Parti,SİVAS,0,1,0,0,0,0,0,0,0,0
5754,Yahya AKMAN,AK Parti,ŞANLIURFA,1,2,0,9,0,0,0,0,0,0
6695,Mehmet AKYÜREK,AK Parti,ŞANLIURFA,0,1,0,10,0,0,0,0,0,0
6968,İbrahim AYHAN,BDP,ŞANLIURFA,0,0,0,0,0,0,0,0,0,0
6474,İbrahim BİNİCİ,BDP,ŞANLIURFA,2,2,8,142,0,0,0,0,19,71
5905,Faruk ÇELİK,AK Parti,ŞANLIURFA,0,1,0,0,0,0,0,0,0,0
4698,Seyit EYYÜPOĞLU,AK Parti,ŞANLIURFA,0,1,0,0,0,0,0,0,0,0
6663,Abdulkerim GÖK,AK Parti,ŞANLIURFA,2,7,0,2,0,0,0,0,0,0
6671,Mehmet Kasım GÜLPINAR,AK Parti,ŞANLIURFA,1,4,0,2,0,0,0,0,0,0
6707,Mahmut KAÇAR,AK Parti,ŞANLIURFA,0,1,0,11,0,0,0,0,0,0
6488,Abdulkadir Emin ÖNEN,AK Parti,ŞANLIURFA,0,1,0,0,0,0,0,0,0,0
6674,Halil ÖZCAN,AK Parti,ŞANLIURFA,0,1,0,0,0,0,0,0,0,0
6104,Zeynep Armağan USLU,AK Parti,ŞANLIURFA,0,5,0,3,0,0,0,0,0,0
6681,Mehmet Emin DİNDAR,AK Parti,ŞIRNAK,0,1,0,3,0,0,0,0,0,0
6970,Selma IRMAK,BDP,ŞIRNAK,0,0,0,0,0,0,0,0,0,0
6476,Hasip KAPLAN,BDP,ŞIRNAK,20,20,40,189,0,1,0,4,3,55
6971,Faysal SARIYILDIZ,BDP,ŞIRNAK,0,0,0,0,0,0,0,0,0,0
5954,Tevfik Ziyaeddin AKBULUT,AK Parti,TEKİRDAĞ,0,1,0,0,0,0,0,0,0,0
6655,Bülent BELEN,MHP,TEKİRDAĞ,12,16,1,138,0,0,0,0,0,27
6686,Emre KÖPRÜLÜ,CHP,TEKİRDAĞ,3,15,4,105,0,1,0,1,3,47
6402,Faik ÖZTRAK,CHP,TEKİRDAĞ,2,10,1,20,0,1,0,1,0,14
6884,Özlem YEMİŞÇİ,AK Parti,TEKİRDAĞ,0,0,0,1,0,0,0,0,0,0
6837,Candan YÜCEER,CHP,TEKİRDAĞ,2,19,10,199,0,2,0,3,1,63
6290,Zeyid ASLAN,AK Parti,TOKAT,0,1,0,10,0,0,0,0,0,0
5973,Şükrü AYALAN,AK Parti,TOKAT,0,0,0,0,0,0,0,0,0,0
5676,Reşat DOĞRU,MHP,TOKAT,12,22,14,90,0,0,0,0,143,57
6780,Orhan DÜZGÜN,CHP,TOKAT,10,17,4,20,0,1,0,2,0,59
6616,Dilek YÜKSEL,AK Parti,TOKAT,0,1,0,3,0,0,0,0,0,0
4712,Koray AYDIN,MHP,TRABZON,0,2,0,58,0,0,0,0,0,5
6933,Erdoğan BAYRAKTAR,AK Parti,TRABZON,0,1,0,1,0,0,0,0,0,0
6846,Aydın BIYIKLIOĞLU,AK Parti,TRABZON,0,1,0,0,0,0,0,0,0,0
6825,Mehmet Volkan CANALİOĞLU,CHP,TRABZON,1,15,4,91,0,1,0,3,2,35
6294,Faruk Nafız ÖZAK,AK Parti,TRABZON,0,0,0,0,0,0,0,0,0,0
6555,Safiye SEYMENOĞLU,AK Parti,TRABZON,0,3,0,5,0,0,0,0,0,0
6826,Hüseyin AYGÜN,CHP,TUNCELİ,0,5,4,22,0,1,0,1,0,77
4440,Kamer GENÇ,CHP,TUNCELİ,9,20,0,68,0,1,0,4,77,4
6792,Dilek AKAGÜN YILMAZ,CHP,UŞAK,0,11,1,59,0,0,0,1,0,44
6788,Mehmet ALTAY,AK Parti,UŞAK,2,3,0,1,0,0,0,0,0,0
6768,İsmail GÜNEŞ,AK Parti,UŞAK,0,5,0,1,0,0,0,0,0,0
6958,Kemal AKTAŞ,BAĞIMSIZ,VAN,0,0,0,0,0,0,0,0,0,0
6807,Mustafa BİLİCİ,AK Parti,VAN,0,1,0,1,0,0,0,0,0,0
6805,Fatih ÇİFTCİ,AK Parti,VAN,0,1,0,1,0,0,0,0,0,0
6967,Nazmi GÜR,BDP,VAN,0,0,2,140,0,0,0,0,3,35
6394,Burhan KAYATÜRK,AK Parti,VAN,0,1,0,0,0,0,0,0,0,0
6572,Gülşen ORHAN,AK Parti,VAN,0,0,0,1,0,0,0,0,0,0
6478,Aysel TUĞLUK,BAĞIMSIZ,VAN,0,0,0,3,0,0,0,0,0,9
6484,Özdal ÜÇER,BDP,VAN,0,0,4,140,0,0,0,0,0,40
6747,Temel COŞKUN,AK Parti,YALOVA,0,1,1,2,0,0,0,0,0,0
6367,Muharrem İNCE,CHP,YALOVA,15,15,3,8,1,2,2,3,0,67
6709,Yusuf BAŞER,AK Parti,YOZGAT,1,3,0,11,0,0,0,0,0,0
6238,Bekir BOZDAĞ,AK Parti,YOZGAT,0,1,0,0,0,0,0,0,0,0
6855,Sadir DURMAZ,MHP,YOZGAT,8,12,4,73,0,0,0,0,18,43
6710,Ertuğrul SOYSAL,AK Parti,YOZGAT,1,6,0,4,0,0,0,0,0,0
6796,Ercan CANDAN,AK Parti,ZONGULDAK,0,1,0,0,0,0,0,0,0,0
6894,Mehmet HABERAL,CHP,ZONGULDAK,0,0,0,0,0,0,0,0,0,0
6512,Ali İhsan KÖKTÜRK,CHP,ZONGULDAK,3,26,5,151,0,0,0,2,0,108
3822,Köksal TOPTAN,AK Parti,ZONGULDAK,0,1,0,0,0,0,0,0,0,0
6738,Özcan ULUPINAR,AK Parti,ZONGULDAK,0,1,0,11,0,0,0,0,0,0
